{"stats":{"minecraft:custom":{"lootr:looted_stat":46,"minecraft:mob_kills":10,"minecraft:interact_with_crafting_table":4,"minecraft:interact_with_cartography_table":1,"minecraft:open_barrel":3,"minecraft:interact_with_campfire":4,"minecraft:bell_ring":3,"minecraft:damage_dealt_resisted":0,"minecraft:leave_game":3,"minecraft:time_since_death":93254,"minecraft:sleep_in_bed":4,"minecraft:climb_one_cm":4651,"minecraft:damage_resisted":0,"minecraft:time_since_rest":2842,"minecraft:sprint_one_cm":194216,"minecraft:damage_taken":1398,"minecraft:walk_one_cm":320835,"minecraft:drop":15,"minecraft:damage_dealt":2126,"minecraft:swim_one_cm":8835,"minecraft:fly_one_cm":90629,"minecraft:open_chest":15,"minecraft:play_time":93254,"minecraft:sneak_time":112,"minecraft:walk_under_water_one_cm":1405,"minecraft:boat_one_cm":92030,"minecraft:jump":833,"minecraft:walk_on_water_one_cm":10384,"minecraft:total_world_time":93254,"minecraft:fall_one_cm":22008},"minecraft:used":{"minecraft:trident":21,"minecraft:iron_shovel":21,"minecraft:wooden_pickaxe":4,"minecraft:iron_sword":19,"minecraft:iron_chestplate":1,"minecraft:dirt":2,"ecologics:prickly_pear":3,"minecraft:wooden_axe":6,"minecraft:apple":2,"beachparty:rubber_ring_axolotl":2,"minecraft:bread":17,"minecraft:melon_slice":4,"minecraft:iron_pickaxe":63,"croptopia:toast":1,"minecraft:bucket":1,"delightful:acorn":1},"minecraft:crafted":{"minecraft:wooden_pickaxe":1,"minecraft:wooden_axe":1},"minecraft:killed":{"minecraft:husk":3,"minecraft:zombie":6,"minecraft:cow":1},"minecraft:mined":{"farmersdelight:honey_glazed_ham_block":1,"minecraft:acacia_leaves":2,"botania:pink_double_flower":1,"minecraft:grass_block":5,"minecraft:oak_planks":1,"minecraft:seagrass":2,"botania:cyan_mystical_flower":1,"minecraft:mud":1,"minecraft:iron_ore":9,"herbalbrews:wild_rooibos_plant":1,"minecraft:light_gray_wool":1,"minecraft:tnt":2,"upgrade_aquatic:flowering_rush":4,"minecraft:grass":5,"minecraft:bookshelf":2,"minecraft:oak_log":4,"minecraft:coal_ore":37,"croptopia:salt_ore":8,"minecraft:dirt":1,"minecraft:sand":1,"minecraft:tripwire_hook":1,"minecraft:stone":9},"minecraft:dropped":{"croptopia:toast":1,"minecraft:oak_log":4,"sophisticatedbackpacks:diamond_backpack":2,"minecraft:coal":2,"minecraft:suspicious_stew":3,"beachparty:rubber_ring_axolotl":1,"minecraft:trident":1,"apotheosis:gem":1,"minecraft:gold_nugget":2,"minecraft:iron_pickaxe":1,"minecraft:chainmail_leggings":1},"minecraft:picked_up":{"croptopia:toast":11,"beachparty:rubber_ring_axolotl":1,"minecraft:suspicious_stew":2,"minecraft:smooth_red_sandstone":2,"croptopia:peach":6,"minecraft:tripwire_hook":1,"minecraft:leather":1,"minecraft:oak_log":4,"upgrade_aquatic:flowering_rush":4,"farmersdelight:cod_roll":2,"minecraft:dirt":5,"minecraft:lantern":1,"minecraft:orange_terracotta":1,"minecraft:item_frame":2,"farmersdelight:honey_glazed_ham_block":1,"minecraft:bone":1,"botania:cyan_mystical_flower":1,"minecraft:apple":10,"untamedwilds:material_fat":2,"minecraft:red_sandstone":1,"minecraft:gold_nugget":2,"herbalbrews:rooibos_leaf":1,"delightful:acorn":1,"minecraft:beef":1,"minecraft:light_gray_wool":1,"minecraft:iron_pickaxe":2,"minecraft:melon_slice":7,"minecraft:chest":1,"minecraft:oak_planks":3,"minecraft:acacia_sapling":1,"sophisticatedbackpacks:diamond_backpack":3,"minecraft:book":6,"minecraft:stick":2,"minecraft:raw_iron":9,"apotheosis:gem":2,"ecologics:prickly_pear":4,"minecraft:bowl":2,"minecraft:stone_brick_slab":1,"botania:pink_double_flower":1,"minecraft:porkchop":1,"minecraft:sand":1,"minecraft:trident":1,"minecraft:tnt":1,"minecraft:rotten_flesh":6,"farmersdelight:onion":3,"minecraft:terracotta":1,"croptopia:salt":28,"minecraft:coal":37,"forbidden_arcanus:spawner_scrap":2,"minecraft:cobblestone":9}},"DataVersion":3465}