{"stats":{"minecraft:picked_up":{"croptopia:toast":36,"minecraft:birch_log":11,"beachparty:rubber_ring_axolotl":1,"minecraft:suspicious_stew":2,"croptopia:peach":6,"minecraft:smooth_red_sandstone":2,"minecraft:tripwire_hook":1,"minecraft:leather":1,"minecraft:oak_log":41,"upgrade_aquatic:flowering_rush":4,"farmersdelight:cod_roll":2,"minecraft:dirt":9,"minecraft:lantern":1,"minecraft:iron_axe":1,"minecraft:orange_terracotta":1,"minecraft:item_frame":3,"farmersdelight:honey_glazed_ham_block":1,"minecraft:bone":3,"botania:cyan_mystical_flower":1,"minecraft:apple":12,"untamedwilds:material_fat":2,"minecraft:bow":1,"minecraft:red_sandstone":1,"minecraft:gold_nugget":2,"minecraft:spruce_planks":2,"herbalbrews:rooibos_leaf":1,"delightful:acorn":1,"minecraft:iron_ingot":1,"minecraft:beef":1,"minecraft:birch_sapling":6,"minecraft:light_gray_wool":1,"minecraft:iron_pickaxe":2,"minecraft:melon_slice":7,"minecraft:iron_sword":2,"minecraft:chest":1,"minecraft:oak_planks":3,"minecraft:acacia_sapling":1,"sophisticatedbackpacks:diamond_backpack":5,"minecraft:book":6,"minecraft:stick":12,"minecraft:raw_iron":11,"apotheosis:gem":3,"croptopia:apricot":1,"croptopia:plum":3,"ecologics:prickly_pear":4,"minecraft:bowl":3,"minecraft:stone_brick_slab":1,"botania:pink_double_flower":1,"minecraft:gravel":2,"quark:yellow_corundum_cluster":2,"minecraft:porkchop":1,"minecraft:sand":1,"minecraft:trident":1,"quark:yellow_corundum":1,"minecraft:tnt":1,"minecraft:arrow":2,"minecraft:rotten_flesh":6,"farmersdelight:onion":3,"minecraft:bread":1,"minecraft:terracotta":1,"croptopia:salt":28,"minecraft:oak_sapling":9,"minecraft:coal":66,"forbidden_arcanus:spawner_scrap":2,"minecraft:cobblestone":64},"minecraft:used":{"minecraft:trident":35,"minecraft:iron_shovel":23,"minecraft:wooden_pickaxe":4,"minecraft:iron_sword":20,"minecraft:iron_chestplate":1,"minecraft:dirt":4,"ecologics:prickly_pear":3,"minecraft:wooden_axe":6,"minecraft:iron_axe":17,"minecraft:apple":2,"beachparty:rubber_ring_axolotl":2,"minecraft:bread":26,"minecraft:melon_slice":4,"minecraft:iron_pickaxe":126,"croptopia:toast":2,"minecraft:cobblestone":21,"minecraft:bucket":1,"minecraft:golden_axe":38,"delightful:acorn":1},"minecraft:broken":{"minecraft:golden_axe":1},"minecraft:killed":{"minecraft:husk":3,"minecraft:spider":1,"untamedwilds:big_cat":1,"minecraft:zombie":7,"minecraft:cow":1},"minecraft:crafted":{"minecraft:wooden_pickaxe":1,"minecraft:wooden_axe":1},"minecraft:custom":{"lootr:looted_stat":47,"minecraft:mob_kills":13,"minecraft:interact_with_crafting_table":6,"minecraft:interact_with_cartography_table":1,"minecraft:open_barrel":3,"minecraft:interact_with_campfire":4,"minecraft:bell_ring":3,"minecraft:damage_dealt_resisted":0,"minecraft:leave_game":4,"minecraft:time_since_death":126705,"minecraft:sleep_in_bed":5,"minecraft:climb_one_cm":9948,"minecraft:damage_resisted":0,"minecraft:time_since_rest":16930,"minecraft:sprint_one_cm":258877,"minecraft:damage_taken":1826,"minecraft:walk_one_cm":431038,"minecraft:drop":18,"minecraft:damage_dealt":3135,"minecraft:swim_one_cm":20921,"minecraft:fly_one_cm":141458,"minecraft:open_chest":29,"minecraft:crouch_one_cm":49,"minecraft:play_time":126705,"minecraft:sneak_time":155,"minecraft:walk_under_water_one_cm":3902,"minecraft:boat_one_cm":92030,"minecraft:jump":1171,"minecraft:walk_on_water_one_cm":13671,"minecraft:total_world_time":126705,"minecraft:fall_one_cm":32184},"minecraft:mined":{"farmersdelight:honey_glazed_ham_block":1,"minecraft:acacia_leaves":2,"botania:pink_double_flower":1,"minecraft:grass_block":5,"minecraft:oak_planks":1,"minecraft:seagrass":2,"botania:cyan_mystical_flower":1,"minecraft:birch_log":11,"sophisticatedbackpacks:diamond_backpack":2,"minecraft:mud":1,"minecraft:iron_ore":11,"herbalbrews:wild_rooibos_plant":1,"minecraft:light_gray_wool":1,"minecraft:tnt":2,"upgrade_aquatic:flowering_rush":4,"minecraft:grass":5,"minecraft:bookshelf":3,"minecraft:oak_log":41,"minecraft:coal_ore":67,"croptopia:salt_ore":8,"minecraft:dirt":3,"minecraft:sand":1,"minecraft:tripwire_hook":1,"minecraft:stone":38},"minecraft:dropped":{"minecraft:iron_sword":1,"croptopia:toast":1,"minecraft:oak_log":4,"sophisticatedbackpacks:diamond_backpack":4,"minecraft:coal":2,"minecraft:suspicious_stew":3,"beachparty:rubber_ring_axolotl":1,"minecraft:trident":1,"apotheosis:gem":1,"minecraft:gold_nugget":2,"minecraft:iron_pickaxe":1,"minecraft:chainmail_leggings":1}},"DataVersion":3465}