{"stats":{"minecraft:custom":{"lootr:looted_stat":58,"minecraft:mob_kills":14,"minecraft:interact_with_crafting_table":17,"minecraft:open_barrel":5,"minecraft:interact_with_campfire":8,"minecraft:bell_ring":5,"minecraft:damage_dealt_resisted":0,"minecraft:leave_game":3,"minecraft:time_since_death":97470,"minecraft:climb_one_cm":6553,"minecraft:damage_resisted":0,"minecraft:sprint_one_cm":126601,"minecraft:walk_one_cm":283896,"minecraft:drop":38,"minecraft:talked_to_villager":3,"minecraft:play_time":97470,"minecraft:sneak_time":2013,"minecraft:walk_under_water_one_cm":3043,"minecraft:jump":1290,"minecraft:walk_on_water_one_cm":6150,"minecraft:total_world_time":97470,"minecraft:interact_with_furnace":2,"minecraft:sleep_in_bed":2,"minecraft:time_since_rest":42165,"minecraft:damage_taken":696,"minecraft:damage_dealt":3066,"minecraft:fly_one_cm":225191,"minecraft:swim_one_cm":23508,"minecraft:open_chest":65,"minecraft:crouch_one_cm":6071,"minecraft:interact_with_smoker":1,"minecraft:fall_one_cm":19822},"minecraft:used":{"minecraft:trident":23,"minecraft:netherite_sword":7,"minecraft:iron_bars":1,"minecraft:chest":4,"minecraft:iron_sword":28,"alexscaves:spawn_egg_magnetron":1,"minecraft:dirt":3,"farmersdelight:stuffed_pumpkin_block":1,"minecraft:iron_hoe":4,"minecraft:wooden_axe":56,"minecraft:lantern":3,"minecraft:podzol":1,"farmersdelight:shepherds_pie_block":1,"minecraft:orange_terracotta":6,"farmersdelight:roast_chicken_block":1,"farmersdelight:honey_glazed_ham_block":2,"minecraft:oak_planks":5,"minecraft:wooden_pickaxe":10,"minecraft:crafting_table":3,"quark:acacia_chest":7,"minecraft:red_bed":1,"minecraft:smooth_red_sandstone":6,"minecraft:oak_log":1,"minecraft:red_sandstone":3,"minecraft:melon_slice":12,"minecraft:bread":10,"minecraft:iron_pickaxe":145,"minecraft:cut_red_sandstone":3,"farmersdelight:spruce_cabinet":4,"minecraft:oak_boat":1},"minecraft:crafted":{"minecraft:oak_planks":23,"minecraft:raw_iron":3,"farmersdelight:cabbage":1,"quark:acacia_chest":8,"farmersdelight:tomato":1,"farmersdelight:rice":1,"minecraft:crafting_table":3,"minecraft:wooden_pickaxe":1,"minecraft:air":91,"minecraft:oak_boat":1,"minecraft:stick":5,"minecraft:wooden_axe":1,"minecraft:beetroot":1,"minecraft:acacia_planks":64,"minecraft:carrot":1},"minecraft:killed":{"minecraft:husk":1,"untamedwilds:aardvark":1,"untamedwilds:big_cat":3,"alexsmobs:emu":1,"minecraft:pillager":1,"minecraft:zombie":3,"untamedwilds:snake":1,"minecraft:cow":2},"minecraft:mined":{"minecraft:yellow_terracotta":1,"farmersdelight:honey_glazed_ham_block":1,"farmersdelight:basket":1,"farmersdelight:rice_bag":1,"untamedwilds:flora_junegrass":1,"farmersdelight:roast_chicken_block":1,"minecraft:cobbled_deepslate_stairs":1,"minecraft:andesite_stairs":1,"farmersdelight:tomato_crate":1,"farmersdelight:canvas_rug":1,"minecraft:red_sand":1,"minecraft:acacia_log":17,"minecraft:smooth_red_sandstone_stairs":12,"minecraft:grass_block":4,"minecraft:coal_block":1,"minecraft:soul_soil":1,"quark:acacia_chest":1,"minecraft:spawner":2,"minecraft:hay_block":6,"minecraft:raw_iron_block":4,"minecraft:furnace":1,"candlelight:wild_lettuce":12,"minecraft:iron_ore":6,"minecraft:red_sandstone":4,"farmersdelight:spruce_cabinet":5,"minecraft:enchanting_table":1,"minecraft:smooth_red_sandstone":13,"minecraft:bookshelf":6,"minecraft:iron_bars":1,"minecraft:stone":1,"farmersdelight:cooking_pot":1,"minecraft:oak_slab":1,"minecraft:cut_sandstone":2,"ecologics:pot":3,"lootr:lootr_chest":5,"minecraft:red_bed":1,"pamhc2crops:windygarden":13,"minecraft:kelp_plant":1,"minecraft:smoker":4,"minecraft:stone_brick_slab":1,"minecraft:orange_terracotta":14,"farmersdelight:potato_crate":1,"minecraft:crafting_table":2,"farmersdelight:cabbage_crate":1,"minecraft:melon":10,"candlelight:wild_tomatoes":10,"farmersdelight:carrot_crate":1,"farmersdelight:onion_crate":1,"minecraft:tall_grass":3,"minecraft:cobblestone":1,"farmersdelight:wild_tomatoes":2,"minecraft:oak_planks":6,"minecraft:white_terracotta":11,"farmersdelight:skillet":1,"farmersdelight:stuffed_pumpkin_block":1,"farmersdelight:shepherds_pie_block":1,"farmersdelight:cutting_board":1,"herbalbrews:wild_rooibos_plant":6,"minecraft:tnt":3,"minecraft:grass":30,"minecraft:coal_ore":10,"minecraft:oak_log":5,"minecraft:red_sandstone_wall":2,"croptopia:salt_ore":9,"minecraft:dirt":5,"minecraft:sandstone_wall":1,"farmersdelight:stove":2,"minecraft:terracotta":21,"minecraft:stone_bricks":2,"minecraft:cut_red_sandstone":6,"minecraft:chipped_anvil":1,"farmersdelight:beetroot_crate":1,"philipsruins:bone_bricks_slab":3,"minecraft:deepslate":2,"minecraft:fern":1},"minecraft:dropped":{"untamedwilds:food_turtle_raw":1,"minecraft:red_sandstone":2,"minecraft:red_sandstone_wall":1,"minecraft:stick":1,"minecraft:smooth_red_sandstone":9,"minecraft:melon_slice":7,"minecraft:iron_pickaxe":1,"minecraft:string":4,"minecraft:redstone":2,"minecraft:bone":1,"minecraft:kelp":1,"croptopia:toast":1,"minecraft:rotten_flesh":14,"ecologics:prickly_pear":4,"sophisticatedbackpacks:diamond_backpack":1,"minecraft:cut_red_sandstone":1,"minecraft:trident":1,"minecraft:gunpowder":1,"minecraft:orange_terracotta":6,"minecraft:spider_eye":1,"minecraft:red_sand":1,"minecraft:smooth_red_sandstone_stairs":9,"minecraft:terracotta":17},"minecraft:picked_up":{"croptopia:toast":3,"pamhc2crops:wintersquashitem":2,"minecraft:crafting_table":1,"pamhc2crops:cucumberitem":1,"minecraft:suspicious_stew":1,"candlelight:lettuce_seeds":2,"minecraft:string":6,"minecraft:red_bed":1,"minecraft:soul_soil":1,"minecraft:item_frame":4,"alexsmobs:emu_feather":1,"minecraft:gold_nugget":1,"minecraft:cobbled_deepslate":2,"herbalbrews:rooibos_leaf":6,"farmersdelight:cabbage":8,"minecraft:beef":2,"candlelight:tomato_seeds":1,"minecraft:andesite_stairs":1,"minecraft:iron_nugget":1,"minecraft:coal_block":1,"delightful:green_tea_leaf":1,"minecraft:melon_slice":44,"farmersdelight:canvas_rug":1,"minecraft:chest":4,"farmersdelight:cabbage_seeds":18,"minecraft:furnace":1,"minecraft:egg":3,"minecraft:raw_iron":6,"minecraft:stick":5,"apotheosis:gem":6,"farmersdelight:potato_crate":1,"farmersdelight:cabbage_crate":1,"minecraft:acacia_log":16,"minecraft:bowl":3,"croptopia:olive_seed":3,"minecraft:sandstone_wall":1,"minecraft:porkchop":1,"farmersdelight:tomato_seeds":11,"minecraft:trident":1,"croptopia:yam_seed":1,"minecraft:tnt":2,"farmersdelight:tomato_crate":1,"minecraft:arrow":1,"minecraft:rotten_flesh":8,"untamedwilds:hide_beige":8,"quark:acacia_chest":1,"farmersdelight:onion":28,"minecraft:hay_block":6,"pamhc2crops:artichokeitem":1,"supplementaries:ash":1,"minecraft:white_terracotta":11,"croptopia:salt":32,"philipsruins:bone_bricks_slab":3,"minecraft:iron_bars":1,"farmersdelight:beetroot_crate":1,"minecraft:cobblestone":2,"pamhc2crops:canolaitem":1,"candlelight:lettuce":10,"minecraft:enchanting_table":1,"minecraft:smooth_red_sandstone_stairs":10,"farmersdelight:onion_crate":1,"sushigocrafting:rice_seeds":1,"minecraft:smooth_red_sandstone":13,"minecraft:leather":2,"minecraft:cut_sandstone":2,"minecraft:smoker":4,"minecraft:oak_log":9,"farmersdelight:roast_chicken_block":1,"pamhc2crops:flaxitem":2,"festive_delight:cinnamon_sticks":1,"minecraft:cobbled_deepslate_stairs":1,"minecraft:gunpowder":1,"farmersdelight:carrot_crate":1,"farmersdelight:skillet":1,"farmersdelight:tomato":31,"minecraft:dirt":7,"minecraft:lantern":4,"farmersdelight:shepherds_pie_block":1,"untamedwilds:flora_junegrass":1,"untamedwilds:food_turtle_raw":1,"minecraft:orange_terracotta":11,"croptopia:olive":1,"sushigocrafting:wasabi_seeds":1,"farmersdelight:honey_glazed_ham_block":1,"minecraft:bone":9,"minecraft:chipped_anvil":1,"farmersdelight:iron_knife":1,"untamedwilds:material_fat":1,"minecraft:stone_bricks":2,"farmersdelight:cooking_pot":1,"minecraft:kelp":2,"minecraft:red_sandstone":4,"minecraft:wheat_seeds":2,"minecraft:rabbit_hide":2,"candlelight:tomato":9,"minecraft:bamboo":15,"minecraft:oak_planks":4,"minecraft:acacia_sapling":8,"croptopia:yam":1,"minecraft:book":18,"pamhc2crops:onionitem":1,"farmersdelight:basket":1,"minecraft:oak_slab":1,"minecraft:red_sandstone_wall":1,"farmersdelight:stuffed_pumpkin_block":1,"ecologics:prickly_pear":4,"croptopia:turmeric":1,"farmersdelight:spruce_cabinet":5,"minecraft:raw_iron_block":4,"croptopia:hops":1,"minecraft:sand":1,"croptopia:turmeric_seed":1,"minecraft:spider_eye":1,"farmersdelight:cabbage_leaf":1,"minecraft:cut_red_sandstone":5,"croptopia:hops_seed":2,"pamhc2crops:strawberryitem":2,"croptopia:orange":5,"minecraft:chainmail_leggings":1,"farmersdelight:rice_bag":1,"minecraft:spruce_sign":9,"minecraft:terracotta":17,"argentinas_delight:cuernodetoro":1,"minecraft:oak_sapling":1,"farmersdelight:stove":2,"minecraft:coal":12}},"DataVersion":3465}