{"stats":{"minecraft:picked_up":{"minecraft:bamboo":15},"minecraft:used":{"minecraft:podzol":1,"alexscaves:spawn_egg_magnetron":1,"minecraft:netherite_sword":7},"minecraft:custom":{"minecraft:jump":10,"minecraft:time_since_rest":7075,"minecraft:damage_dealt":200,"minecraft:crouch_one_cm":320,"minecraft:leave_game":2,"minecraft:play_time":7075,"minecraft:sprint_one_cm":185,"minecraft:time_since_death":7075,"minecraft:walk_one_cm":4102,"minecraft:sneak_time":112,"minecraft:total_world_time":7075,"minecraft:mob_kills":1,"minecraft:fly_one_cm":28}},"DataVersion":3465}