{"stats":{"minecraft:picked_up":{"croptopia:toast":5,"pamhc2crops:wintersquashitem":2,"croptopia:peach":6,"minecraft:crafting_table":2,"beachparty:rubber_ring_axolotl":1,"minecraft:suspicious_stew":1,"pamhc2crops:cucumberitem":1,"minecraft:leather_leggings":1,"minecraft:enchanted_book":1,"minecraft:red_bed":10,"minecraft:string":6,"candlelight:lettuce_seeds":2,"minecraft:soul_soil":1,"minecraft:item_frame":4,"croptopia:pear":7,"minecraft:spruce_planks":5,"delightful:acorn":3,"alexsmobs:emu_feather":1,"minecraft:gold_nugget":1,"minecraft:cobbled_deepslate":2,"farmersdelight:cabbage":8,"herbalbrews:rooibos_leaf":6,"minecraft:andesite_stairs":1,"minecraft:beef":2,"candlelight:tomato_seeds":1,"minecraft:iron_nugget":1,"delightful:green_tea_leaf":2,"farmersdelight:canvas_rug":1,"minecraft:melon_slice":44,"minecraft:coal_block":1,"minecraft:chest":4,"farmersdelight:cabbage_seeds":18,"minecraft:furnace":2,"minecraft:egg":3,"minecraft:stick":15,"minecraft:raw_iron":12,"apotheosis:gem":10,"farmersdelight:potato_crate":1,"farmersdelight:cabbage_crate":1,"minecraft:spruce_stairs":1,"quark:yellow_corundum_cluster":32,"minecraft:bowl":5,"minecraft:acacia_log":16,"croptopia:olive_seed":3,"minecraft:sandstone_wall":1,"minecraft:porkchop":1,"farmersdelight:tomato_seeds":11,"minecraft:trident":1,"croptopia:yam_seed":1,"quark:yellow_corundum":12,"minecraft:tnt":4,"farmersdelight:tomato_crate":1,"minecraft:arrow":1,"minecraft:rotten_flesh":8,"untamedwilds:hide_beige":8,"farmersdelight:onion":28,"quark:acacia_chest":3,"minecraft:hay_block":6,"pamhc2crops:artichokeitem":1,"minecraft:white_terracotta":11,"supplementaries:ash":1,"croptopia:salt":32,"minecraft:obsidian":12,"philipsruins:bone_bricks_slab":3,"minecraft:iron_bars":1,"farmersdelight:beetroot_crate":1,"minecraft:cobblestone":181,"pamhc2crops:canolaitem":1,"minecraft:enchanting_table":1,"minecraft:smooth_red_sandstone_stairs":10,"candlelight:lettuce":20,"farmersdelight:onion_crate":1,"sushigocrafting:rice_seeds":1,"minecraft:smooth_red_sandstone":13,"minecraft:cut_sandstone":2,"minecraft:leather":3,"minecraft:smoker":6,"minecraft:potato":5,"minecraft:oak_log":61,"farmersdelight:roast_chicken_block":1,"minecraft:gunpowder":15,"festive_delight:cinnamon_sticks":1,"minecraft:cobbled_deepslate_stairs":1,"pamhc2crops:flaxitem":2,"farmersdelight:carrot_crate":1,"farmersdelight:skillet":1,"farmersdelight:tomato":32,"minecraft:dirt":8,"minecraft:lantern":4,"farmersdelight:shepherds_pie_block":1,"minecraft:orange_terracotta":11,"untamedwilds:flora_junegrass":1,"untamedwilds:food_turtle_raw":1,"croptopia:olive":1,"farmersdelight:honey_glazed_ham_block":2,"sushigocrafting:wasabi_seeds":1,"minecraft:bone":9,"minecraft:chipped_anvil":1,"farmersdelight:iron_knife":1,"minecraft:apple":16,"untamedwilds:material_fat":2,"minecraft:stone_bricks":2,"farmersdelight:cooking_pot":2,"minecraft:kelp":2,"minecraft:red_sandstone":4,"minecraft:wheat_seeds":2,"minecraft:rabbit_hide":2,"candlelight:tomato":9,"minecraft:bamboo":15,"minecraft:oak_planks":9,"minecraft:acacia_sapling":8,"sophisticatedbackpacks:diamond_backpack":2,"croptopia:yam":1,"minecraft:book":18,"pamhc2crops:onionitem":1,"farmersdelight:basket":2,"minecraft:oak_slab":1,"croptopia:apricot":7,"farmersdelight:stuffed_pumpkin_block":2,"minecraft:red_sandstone_wall":1,"ecologics:prickly_pear":4,"croptopia:turmeric":1,"farmersdelight:spruce_cabinet":11,"minecraft:gravel":2,"minecraft:raw_iron_block":4,"croptopia:hops":1,"minecraft:sand":1,"croptopia:turmeric_seed":1,"minecraft:spider_eye":1,"farmersdelight:cabbage_leaf":1,"minecraft:cut_red_sandstone":5,"alexsmobs:kangaroo_hide":2,"croptopia:hops_seed":2,"minecraft:slime_ball":3,"pamhc2crops:strawberryitem":2,"minecraft:chainmail_leggings":1,"croptopia:orange":5,"minecraft:bread":36,"minecraft:emerald":14,"minecraft:bone_meal":1,"farmersdelight:rice_bag":1,"minecraft:spruce_sign":9,"minecraft:terracotta":17,"minecraft:oak_sapling":14,"argentinas_delight:cuernodetoro":1,"farmersdelight:stove":3,"minecraft:coal":67},"minecraft:used":{"farmersdelight:onion_crate":1,"minecraft:oak_trapdoor":1,"minecraft:trident":25,"minecraft:netherite_sword":7,"minecraft:iron_bars":1,"minecraft:ladder":7,"minecraft:spruce_planks":2,"farmersdelight:stove":3,"minecraft:chest":4,"minecraft:iron_sword":68,"alexscaves:spawn_egg_magnetron":1,"minecraft:torch":3,"minecraft:dirt":4,"farmersdelight:roast_chicken":1,"farmersdelight:stuffed_pumpkin_block":2,"sophisticatedbackpacks:diamond_backpack":2,"minecraft:iron_hoe":4,"minecraft:wooden_axe":56,"minecraft:iron_axe":56,"minecraft:lantern":4,"farmersdelight:canvas_rug":1,"farmersdelight:cutting_board":1,"farmersdelight:basket":2,"minecraft:furnace":3,"minecraft:podzol":1,"farmersdelight:cooking_pot":2,"farmersdelight:shepherds_pie_block":1,"farmersdelight:potato_crate":1,"minecraft:orange_terracotta":6,"minecraft:golden_axe":61,"farmersdelight:shepherds_pie":1,"farmersdelight:roast_chicken_block":1,"farmersdelight:skillet":1,"farmersdelight:honey_glazed_ham_block":3,"minecraft:oak_planks":10,"minecraft:wooden_pickaxe":10,"minecraft:red_bed":6,"minecraft:crafting_table":4,"quark:acacia_chest":9,"minecraft:smooth_red_sandstone":6,"minecraft:smoker":4,"minecraft:oak_log":1,"minecraft:red_sandstone":3,"minecraft:suspicious_stew":1,"minecraft:iron_pickaxe":368,"minecraft:bread":15,"minecraft:melon_slice":12,"minecraft:cut_red_sandstone":3,"minecraft:cobblestone":37,"farmersdelight:spruce_cabinet":11,"quark:oak_chest":12,"minecraft:oak_boat":1},"minecraft:broken":{"minecraft:golden_axe":1,"minecraft:iron_pickaxe":1},"minecraft:killed":{"minecraft:spider":1,"minecraft:skeleton":2,"alexsmobs:kangaroo":1,"minecraft:husk":1,"untamedwilds:aardvark":1,"untamedwilds:big_cat":3,"alexsmobs:emu":1,"minecraft:pillager":1,"minecraft:zombie":9,"untamedwilds:snake":1,"minecraft:cow":2},"minecraft:crafted":{"minecraft:oak_planks":231,"minecraft:raw_iron":4,"farmersdelight:cabbage":1,"minecraft:furnace":1,"minecraft:oak_trapdoor":2,"quark:acacia_chest":8,"minecraft:iron_axe":2,"minecraft:ladder":12,"farmersdelight:tomato":1,"farmersdelight:rice":1,"minecraft:crafting_table":3,"minecraft:wooden_pickaxe":1,"minecraft:air":108,"farmersdelight:cutting_board":1,"minecraft:oak_boat":1,"minecraft:stick":25,"quark:oak_chest":12,"minecraft:iron_ingot":3,"minecraft:wooden_axe":1,"minecraft:beetroot":1,"minecraft:acacia_planks":64,"minecraft:torch":2,"minecraft:carrot":1},"minecraft:custom":{"lootr:looted_stat":59,"minecraft:mob_kills":24,"minecraft:interact_with_crafting_table":26,"minecraft:open_barrel":5,"minecraft:interact_with_campfire":8,"minecraft:bell_ring":5,"minecraft:damage_dealt_resisted":0,"minecraft:leave_game":5,"minecraft:time_since_death":135322,"minecraft:damage_resisted":0,"minecraft:climb_one_cm":10406,"minecraft:sprint_one_cm":163358,"minecraft:walk_one_cm":397573,"minecraft:drop":45,"minecraft:talked_to_villager":3,"minecraft:play_time":135322,"minecraft:sneak_time":2588,"minecraft:walk_under_water_one_cm":4045,"minecraft:jump":1579,"minecraft:walk_on_water_one_cm":7098,"minecraft:total_world_time":135322,"minecraft:interact_with_furnace":5,"minecraft:sleep_in_bed":5,"minecraft:time_since_rest":16878,"minecraft:damage_taken":1066,"minecraft:damage_dealt":5228,"minecraft:swim_one_cm":39290,"minecraft:fly_one_cm":301865,"minecraft:open_chest":154,"minecraft:crouch_one_cm":7326,"minecraft:interact_with_smoker":2,"minecraft:fall_one_cm":22494},"minecraft:mined":{"minecraft:yellow_terracotta":1,"minecraft:spruce_planks":7,"farmersdelight:honey_glazed_ham_block":2,"farmersdelight:rice_bag":1,"farmersdelight:basket":2,"untamedwilds:flora_junegrass":1,"farmersdelight:roast_chicken_block":1,"minecraft:cobbled_deepslate_stairs":1,"minecraft:andesite_stairs":1,"farmersdelight:tomato_crate":1,"farmersdelight:canvas_rug":1,"minecraft:red_sand":1,"minecraft:acacia_log":17,"minecraft:smooth_red_sandstone_stairs":12,"minecraft:grass_block":5,"quark:yellow_corundum":7,"minecraft:coal_block":1,"minecraft:soul_soil":1,"quark:acacia_chest":3,"minecraft:spawner":2,"minecraft:hay_block":6,"minecraft:raw_iron_block":4,"minecraft:furnace":2,"candlelight:wild_lettuce":12,"minecraft:iron_ore":6,"minecraft:red_sandstone":4,"farmersdelight:spruce_cabinet":11,"minecraft:enchanting_table":1,"minecraft:smooth_red_sandstone":13,"minecraft:bookshelf":8,"minecraft:iron_bars":1,"minecraft:stone":197,"minecraft:spruce_slab":1,"farmersdelight:cooking_pot":2,"minecraft:oak_slab":1,"minecraft:cut_sandstone":2,"lootr:lootr_chest":5,"ecologics:pot":3,"minecraft:red_bed":8,"pamhc2crops:windygarden":13,"minecraft:kelp_plant":1,"minecraft:smoker":6,"minecraft:orange_terracotta":14,"farmersdelight:potato_crate":1,"minecraft:stone_brick_slab":1,"minecraft:crafting_table":3,"farmersdelight:cabbage_crate":1,"minecraft:melon":10,"candlelight:wild_tomatoes":10,"farmersdelight:onion_crate":1,"farmersdelight:carrot_crate":1,"minecraft:tall_grass":3,"minecraft:cobblestone":9,"farmersdelight:wild_tomatoes":2,"minecraft:spruce_stairs":1,"minecraft:oak_planks":11,"minecraft:air":16,"minecraft:seagrass":1,"minecraft:white_terracotta":11,"farmersdelight:skillet":1,"farmersdelight:stuffed_pumpkin_block":1,"farmersdelight:shepherds_pie_block":1,"farmersdelight:cutting_board":1,"herbalbrews:wild_rooibos_plant":6,"minecraft:tnt":7,"minecraft:grass":32,"minecraft:red_sandstone_wall":2,"minecraft:oak_log":58,"minecraft:coal_ore":10,"croptopia:salt_ore":9,"minecraft:gravel":3,"quark:yellow_corundum_cluster":5,"minecraft:dirt":7,"farmersdelight:stove":3,"minecraft:sandstone_wall":1,"minecraft:terracotta":21,"minecraft:cut_red_sandstone":6,"minecraft:stone_bricks":2,"minecraft:oak_leaves":5,"minecraft:chipped_anvil":1,"farmersdelight:beetroot_crate":1,"minecraft:deepslate":2,"philipsruins:bone_bricks_slab":3,"minecraft:fern":1},"minecraft:dropped":{"untamedwilds:food_turtle_raw":1,"minecraft:red_sandstone":2,"minecraft:red_sandstone_wall":1,"minecraft:stick":1,"minecraft:smooth_red_sandstone":9,"minecraft:melon_slice":7,"minecraft:iron_axe":1,"minecraft:iron_pickaxe":1,"minecraft:string":4,"minecraft:redstone":2,"minecraft:bone":1,"minecraft:kelp":1,"croptopia:toast":3,"minecraft:bowl":2,"minecraft:rotten_flesh":14,"ecologics:prickly_pear":4,"sophisticatedbackpacks:diamond_backpack":1,"minecraft:suspicious_stew":1,"minecraft:cut_red_sandstone":1,"minecraft:shield":1,"minecraft:trident":1,"minecraft:gunpowder":1,"minecraft:orange_terracotta":6,"minecraft:spider_eye":1,"minecraft:red_sand":1,"untamedwilds:flora_junegrass":1,"minecraft:smooth_red_sandstone_stairs":9,"minecraft:terracotta":17}},"DataVersion":3465}